measurements_unit,measurements_value,measurements_sourcename,measurements_lastupdated,measurements_parameter,country_name_en
ppm,0.001,AirNow,2023-05-30T18:00:00-05:00,NO2,United States
ppm,0.001,AirNow,2023-05-30T18:00:00-05:00,NO2,United States
ppm,0.001,AirNow,2023-05-30T18:00:00-05:00,NO2,United States
ppm,0.001,AirNow,2023-05-30T18:00:00-05:00,NO2,United States
ppm,0.001,AirNow,2023-05-30T18:00:00-05:00,NO2,United States
ppm,0.001,AirNow,2023-05-30T18:00:00-05:00,NO2,United States
ppm,0.001,AirNow,2023-05-30T18:00:00-05:00,NO2,United States
ppm,0.001,AirNow,2023-05-30T18:00:00-05:00,NO2,United States
ppm,0.001,AirNow,2023-05-30T18:00:00-05:00,NO2,United States
ppm,0.001,AirNow,2023-05-30T18:00:00-05:00,NO2,United States
ppm,0.001,AirNow,2023-05-30T18:00:00-05:00,NO2,United States
ppm,0.001,AirNow,2023-05-30T18:00:00-05:00,NO2,United States
ppm,0.001,AirNow,2023-05-30T18:00:00-05:00,NO2,United States
ppm,0.001,AirNow,2023-05-30T18:00:00-05:00,NO2,United States
ppm,0.001,AirNow,2023-05-30T18:00:00-05:00,NO2,United States
ppm,0.001,AirNow,2023-05-30T18:00:00-05:00,NO2,United States
ppm,0.001,AirNow,2023-05-30T18:00:00-05:00,NO2,United States
ppm,0.001,AirNow,2023-05-30T18:00:00-05:00,NO2,United States
ppm,0.001,AirNow,2023-05-30T18:00:00-05:00,NO2,United States
ppm,0.001,AirNow,2023-05-30T18:00:00-05:00,NO2,United States
ppm,0.001,AirNow,2023-05-30T18:00:00-05:00,NO2,United States
ppm,0.001,AirNow,2023-05-30T18:00:00-05:00,NO2,United States
ppm,0.001,AirNow,2023-05-30T18:00:00-05:00,NO2,United States
ppm,0.001,AirNow,2023-05-30T18:00:00-05:00,NO2,United States
ppm,0.001,AirNow,2023-05-30T18:00:00-05:00,NO2,United States
ppm,0.001,AirNow,2023-05-30T18:00:00-05:00,NO2,United States
ppm,0.001,AirNow,2023-05-30T18:00:00-05:00,NO2,United States
ppm,0.001,AirNow,2023-05-30T18:00:00-05:00,NO2,United States
ppm,0.001,AirNow,2023-05-30T18:00:00-05:00,NO2,United States
ppm,0.001,AirNow,2023-05-30T18:00:00-05:00,NO2,United States
ppm,0.001,AirNow,2023-05-30T18:00:00-05:00,NO2,United States
ppm,0.001,AirNow,2023-05-30T18:00:00-05:00,NO2,United States
ppm,0.001,AirNow,2023-05-30T18:00:00-05:00,NO2,United States
ppm,0.001,AirNow,2023-05-30T18:00:00-05:00,NO2,United States
ppm,0.001,AirNow,2023-05-30T18:00:00-05:00,NO2,United States
ppm,0.001,AirNow,2023-05-30T18:00:00-05:00,NO2,United States
ppm,0.001,AirNow,2023-05-30T18:00:00-05:00,NO2,United States
ppm,0.001,AirNow,2023-05-30T18:00:00-05:00,NO2,United States
ppm,0.001,AirNow,2023-05-30T18:00:00-05:00,NO2,United States
ppm,0.001,AirNow,2023-05-30T18:00:00-05:00,NO2,United States
ppm,0.001,AirNow,2023-05-30T18:00:00-05:00,NO2,United States
ppm,0.001,AirNow,2023-05-30T18:00:00-05:00,NO2,United States
ppm,0.001,AirNow,2023-05-30T18:00:00-05:00,NO2,United States
ppm,0.001,AirNow,2023-05-30T18:00:00-05:00,NO2,United States
ppm,0.001,AirNow,2023-05-30T18:00:00-05:00,NO2,United States
ppm,0.001,AirNow,2023-05-30T18:00:00-05:00,NO2,United States
ppm,0.001,AirNow,2023-05-30T18:00:00-05:00,NO2,United States
ppm,0.001,AirNow,2023-05-30T18:00:00-05:00,NO2,United States
ppm,0.001,AirNow,2023-05-30T18:00:00-05:00,NO2,United States
ppm,0.001,AirNow,2023-05-30T18:00:00-05:00,NO2,United States
ppm,0.001,AirNow,2023-05-30T18:00:00-05:00,NO2,United States
ppm,0.001,AirNow,2023-05-30T18:00:00-05:00,NO2,United States
ppm,0.001,AirNow,2023-05-30T18:00:00-05:00,NO2,United States
ppm,0.001,AirNow,2023-05-30T18:00:00-05:00,NO2,United States
ppm,0.001,AirNow,2023-05-30T18:00:00-05:00,NO2,United States
ppm,0.001,AirNow,2023-05-30T18:00:00-05:00,NO2,United States
ppm,0.001,AirNow,2023-05-30T18:00:00-05:00,NO2,United States
ppm,0.001,AirNow,2023-05-30T18:00:00-05:00,NO2,United States
ppm,0.001,AirNow,2023-05-30T18:00:00-05:00,NO2,United States
ppm,0.001,AirNow,2023-05-30T18:00:00-05:00,NO2,United States
ppm,0.001,AirNow,2023-05-30T18:00:00-05:00,NO2,United States
ppm,0.001,AirNow,2023-05-30T18:00:00-05:00,NO2,United States
ppm,0.001,AirNow,2023-05-30T18:00:00-05:00,NO2,United States
ppm,0.001,AirNow,2023-05-30T18:00:00-05:00,NO2,United States
ppm,0.001,AirNow,2023-05-30T18:00:00-05:00,NO2,United States
ppm,0.001,AirNow,2023-05-30T18:00:00-05:00,NO2,United States
ppm,0.001,AirNow,2023-05-30T18:00:00-05:00,NO2,United States
ppm,0.001,AirNow,2023-05-30T18:00:00-05:00,NO2,United States
ppm,0.001,AirNow,2023-05-30T18:00:00-05:00,NO2,United States
ppm,0.001,AirNow,2023-05-30T18:00:00-05:00,NO2,United States
ppm,0.001,AirNow,2023-05-30T18:00:00-05:00,NO2,United States
ppm,0.001,AirNow,2023-05-30T18:00:00-05:00,NO2,United States
ppm,0.001,AirNow,2023-05-30T18:00:00-05:00,NO2,United States
ppm,0.001,AirNow,2023-05-30T18:00:00-05:00,NO2,United States
ppm,0.001,AirNow,2023-05-30T18:00:00-05:00,NO2,United States
ppm,0.001,AirNow,2023-05-30T18:00:00-05:00,NO2,United States
ppm,0.001,AirNow,2023-05-30T18:00:00-05:00,NO2,United States
ppm,0.001,AirNow,2023-05-30T18:00:00-05:00,NO2,United States
ppm,0.001,AirNow,2023-05-30T18:00:00-05:00,NO2,United States
ppm,0.001,AirNow,2023-05-30T18:00:00-05:00,NO2,United States
ppm,0.001,AirNow,2023-05-30T18:00:00-05:00,NO2,United States
ppm,0.001,AirNow,2023-05-30T18:00:00-05:00,NO2,United States
ppm,0.001,AirNow,2023-05-30T18:00:00-05:00,NO2,United States
ppm,0.001,AirNow,2023-05-30T18:00:00-05:00,NO2,United States
ppm,0.001,AirNow,2023-05-30T18:00:00-05:00,NO2,United States
ppm,0.001,AirNow,2023-05-30T18:00:00-05:00,NO2,United States
ppm,0.001,AirNow,2023-05-30T18:00:00-05:00,NO2,United States
ppm,0.001,AirNow,2023-05-30T18:00:00-05:00,NO2,United States
ppm,0.001,AirNow,2023-05-30T18:00:00-05:00,NO2,United States
ppm,0.001,AirNow,2023-05-30T18:00:00-05:00,NO2,United States
ppm,0.001,AirNow,2023-05-30T18:00:00-05:00,NO2,United States
ppm,0.001,AirNow,2023-05-30T18:00:00-05:00,NO2,United States
ppm,0.001,AirNow,2023-05-30T18:00:00-05:00,NO2,United States
ppm,0.001,AirNow,2023-05-30T18:00:00-05:00,NO2,United States
ppm,0.001,AirNow,2023-05-30T18:00:00-05:00,NO2,United States
ppm,0.001,AirNow,2023-05-30T18:00:00-05:00,NO2,United States
ppm,0.001,AirNow,2023-05-30T18:00:00-05:00,NO2,United States
ppm,0.001,AirNow,2023-05-30T18:00:00-05:00,NO2,United States
ppm,0.001,AirNow,2023-05-30T18:00:00-05:00,NO2,United States
ppm,0.001,AirNow,2023-05-30T18:00:00-05:00,NO2,United States
